image_name,gender,masterCategory,subCategory,articleType,baseColour,season,year,usage,productDisplayName,score
12135,Women,Apparel,Topwear,Kurtas,Pink,Fall,2011,Ethnic,Aurelia Women Solid Pink Kurtas,68.7
18899,Women,Apparel,Topwear,Tops,Maroon,Fall,2011,Casual,Arrow Woman Igor Maroon Top,97.5
32631,Women,Apparel,Topwear,Tshirts,Orange,Summer,2012,Sports,Nike Women Pure Orange T-shirt,86.6
54581,Women,Apparel,Topwear,Kurtas,Green,Summer,2012,Ethnic,Sushilas Women Printed Green Kurta,79.9
15648,Women,Apparel,Topwear,Tshirts,Blue,Fall,2011,Casual,Nike Women Runng Blue T-shirt,57.8
39156,Women,Apparel,Topwear,Kurtas,Black,Summer,2012,Ethnic,Aneri Women Black Kurta,57.8
22769,Women,Apparel,Topwear,Kurtas,Maroon,Fall,2011,Ethnic,BIBA Women Printed Maroon Kurta,52.9
58648,Women,Apparel,Topwear,Kurtas,Pink,Summer,2012,Ethnic,ALayna Women Pink & Yellow Kurta,93.3
6211,Women,Apparel,Topwear,Tshirts,Blue,Summer,2011,Casual,UCB Women's Print Boat Blue Top,80.1
42393,Women,Apparel,Topwear,Tshirts,White,Summer,2012,Casual,Flying Machine Women White T-shirt,85.4
33028,Women,Apparel,Topwear,Kurtas,Blue,Summer,2012,Ethnic,Mother Earth Women Printed Blue Kurta,51.0
4918,Women,Apparel,Topwear,Tops,Pink,Summer,2011,Casual,Gini and Jony Girls Vollie Pink Top,98.5
13448,Women,Apparel,Topwear,Shirts,Pink,Summer,2011,Casual,United Colors of Benetton Women Solid Pink Shirts,91.6
11552,Women,Apparel,Topwear,Kurtas,White,Summer,2011,Ethnic,W Women Printed White Kurtas,60.6
19974,Women,Apparel,Topwear,Tshirts,Yellow,Summer,2011,Casual,United Colors of Benetton Women Yellow T-shirt,59.1
24362,Women,Apparel,Topwear,Kurtas,Brown,Fall,2011,Ethnic,Folklore Women Brown Printed Kurta,59.2
50705,Women,Apparel,Topwear,Tops,Cream,Summer,2012,Casual,Latin Quarters Women Cream Printed Top,65.2
24591,Women,Apparel,Topwear,Kurtas,Olive,Fall,2011,Ethnic,Vishudh Women Olive Printed Kurta,76.2
33757,Women,Apparel,Topwear,Tops,Sea Green,Summer,2012,Casual,Vero Moda Women Sea Green Top,71.6
28733,Women,Apparel,Topwear,Kurtas,Green,Summer,2012,Ethnic,W Women Printed Green Kurta,64.6
12072,Women,Apparel,Topwear,Kurtas,White,Fall,2011,Ethnic,W Women Printed White Kurtas,80.6
22609,Women,Apparel,Topwear,Sweatshirts,Pink,Fall,2011,Casual,Nike Women Pink Sweatshirts,57.0
18275,Women,Apparel,Topwear,Kurtas,Blue,Fall,2011,Ethnic,Aneri Women Preet Blue Kurta,64.6
49657,Women,Apparel,Topwear,Tops,Brown,Summer,2012,Casual,Mineral Women Brown Top,68.3
16135,Women,Apparel,Topwear,Tops,White,Fall,2011,Casual,Tokyo Talkies Women Printed White Top,72.8
58701,Women,Apparel,Topwear,Kurtas,White,Summer,2012,Ethnic,ALayna Women Printed White Kurta,89.3
41385,Women,Apparel,Topwear,Shirts,Green,Summer,2012,Casual,Wrangler Women Green Candy Shirt,60.0
38595,Women,Apparel,Topwear,Tshirts,Lavender,Summer,2012,Casual,Nike Women Printed Scoop Lavender T-shirt,75.7
24156,Women,Apparel,Topwear,Kurtas,Purple,Fall,2011,Ethnic,Aurelia Women Purple Striped Kurta,79.6
2120,Women,Apparel,Topwear,Tops,Navy Blue,Winter,2010,Casual,Lee Women Navy Blue Top,52.3
30868,Women,Apparel,Topwear,Kurtas,Off White,Summer,2012,Ethnic,Fabindia Women Off White Kurta,80.4
6596,Women,Apparel,Topwear,Tops,Purple,Summer,2011,Casual,Spykar Women Purple Top,58.5
49768,Women,Apparel,Topwear,Kurtas,Maroon,Summer,2012,Ethnic,Alma Women Maroon Kurta,53.3
11623,Women,Apparel,Topwear,Kurtis,Navy Blue,Summer,2011,Ethnic,W Women Check Navy  Blue Kurtis,97.4
59892,Women,Apparel,Topwear,Shirts,Blue,Fall,2012,Casual,Femella Women Blue Shirt,98.3
42559,Women,Apparel,Topwear,Kurtas,Multi,Summer,2012,Ethnic,Mother Earth Women Multi Coloured Kurta,90.4
24168,Women,Apparel,Topwear,Kurtis,Orange,Fall,2011,Ethnic,Aurelia Women Orange Striped Kurti,65.2
26941,Women,Apparel,Topwear,Tshirts,Lavender,Summer,2012,Casual,Jealous 21 Women Printed Lavender T-shirt,54.9
11544,Women,Apparel,Topwear,Kurtas,Green,Summer,2011,Ethnic,W Women Printed Green Kurtas,84.2
8491,Women,Apparel,Topwear,Tops,White,Fall,2011,Casual,Forever New Women Porcelain White Top,72.0
27260,Women,Apparel,Topwear,Tops,Blue,Summer,2012,Casual,Arrow Woman Blue Top,56.1
7426,Women,Apparel,Topwear,Tops,Purple,Summer,2011,Casual,W Women Mandarin Neck Sleeveless Purple Top,74.8
34584,Women,Apparel,Topwear,Tops,Teal,Summer,2012,Casual,Tonga Women Teal Top,51.7
46286,Women,Apparel,Topwear,Tunics,Multi,Summer,2012,Casual,109F Women Multicoloured Printed Tunic,95.5
33050,Women,Apparel,Topwear,Kurtas,Olive,Summer,2012,Ethnic,Mother Earth Women Printed Olive Kurta,62.9
38825,Women,Apparel,Topwear,Tops,Magenta,Summer,2012,Casual,Latin Quarters Women Magenta & Brown Check Top,83.1
18299,Women,Apparel,Topwear,Kurtas,Black,Fall,2011,Ethnic,Aneri Women Zeenat Black Kurta,65.6
48091,Women,Apparel,Topwear,Shirts,Blue,Summer,2012,Casual,French Connection Women Blue Shirt,76.0
54692,Women,Apparel,Topwear,Kurtas,Multi,Fall,2012,Ethnic,Shree Women Multicoloured Printed Kurta,77.3
50355,Women,Apparel,Topwear,Kurtas,Brown,Summer,2012,Ethnic,Aurelia Women Brown Kurta,59.2
35045,Women,Apparel,Topwear,Kurtas,Green,Summer,2012,Ethnic,Fabindia Women Silk Green Kurta,98.5
36475,Women,Apparel,Topwear,Kurtas,Purple,Summer,2012,Ethnic,Aurelia Women Dobby Purple Kurta,88.8
26866,Women,Apparel,Topwear,Tshirts,White,Summer,2012,Casual,Jealous 21 Women Printed White T-shirt,97.0
24398,Women,Apparel,Topwear,Kurtas,Red,Summer,2012,Ethnic,Vishudh Women Red Printed Kurta,94.7
31059,Women,Apparel,Topwear,Dupatta,Off White,Summer,2012,Ethnic,Fabindia Women Off White Chanderi Dupatta,79.9
19606,Women,Apparel,Topwear,Tops,Green,Summer,2011,Casual,United Colors of Benetton Women Solid Green Top,96.1
52087,Women,Apparel,Topwear,Tshirts,Yellow,Summer,2012,Casual,Myntra Women Yellow T-shirt,54.4
41131,Women,Apparel,Topwear,Tops,Pink,Summer,2012,Casual,Allen Solly Woman Light Pink Top,59.8
8460,Women,Apparel,Topwear,Tops,Pink,Fall,2011,Casual,Jealous 21 Women Jealous Calandra Pink Top Pink Tops,52.3
40640,Women,Apparel,Topwear,Kurtas,Olive,Summer,2012,Ethnic,Span Women Olive Green Kurta,66.3
18732,Women,Apparel,Topwear,Tops,Off White,Fall,2011,Casual,Arrow Woman Ann Off White Top,69.4
28907,Women,Apparel,Topwear,Kurtas,White,Summer,2012,Ethnic,Biba Women Printed White & Purple Kurta,63.6
19105,Women,Apparel,Topwear,Kurtas,Red,Fall,2011,Ethnic,Mother Earth Women Printed Red Kurta,91.4
19667,Women,Apparel,Topwear,Tops,Lavender,Summer,2011,Casual,United Colors of Benetton Women Solid Lavender Top,67.8
22226,Women,Apparel,Topwear,Tshirts,Black,Fall,2011,Casual,Little Miss Women Funky Black T-shirt,64.0
43325,Women,Apparel,Topwear,Tshirts,Pink,Summer,2012,Casual,United Colors of Benetton Women Pink T-shirt,77.1
36498,Women,Apparel,Topwear,Kurtas,Green,Summer,2012,Ethnic,Folklore Women Green Kurta,57.0
28688,Women,Apparel,Topwear,Kurtas,Pink,Summer,2012,Ethnic,W Women Printed Pink Kurta,90.1
57435,Women,Apparel,Topwear,Tshirts,Red,Summer,2015,Casual,Angry Birds Women Coral T-shirt,53.7
11785,Women,Apparel,Topwear,Tshirts,Black,Summer,2011,Casual,Lee Women Solid Black Tshirts,99.3
44699,Women,Apparel,Topwear,Tops,Pink,Summer,2012,Casual,Wills Lifestyle Women Pink Top,88.6
12831,Women,Apparel,Topwear,Tops,Pink,Fall,2011,Casual,Ant Kids Pink Tops,59.9
57050,Women,Apparel,Dress,Dresses,White,Summer,2012,Casual,Elle Color Clash Purple Dress,50.3
28717,Women,Apparel,Topwear,Kurtas,Purple,Summer,2012,Ethnic,W Women Printed Purple Kurta,90.8
18961,Women,Apparel,Topwear,Jackets,Grey,Fall,2011,Casual,United Colors of Benetton Women Solid Grey Jacket,85.3
18742,Women,Apparel,Topwear,Tops,Brown,Fall,2011,Casual,Arrow Woman Boho Brown Top,86.5
25972,Women,Apparel,Dress,Dresses,Brown,Summer,2012,Casual,Femella Women Brown Dress,88.6
23313,Women,Apparel,Topwear,Kurtas,Red,Fall,2011,Ethnic,W Women Red Printed Kurta,53.7
28775,Women,Apparel,Topwear,Kurtis,Red,Summer,2012,Ethnic,Aurelia Women Printed Red Kurti,67.9
18714,Women,Apparel,Topwear,Tops,Magenta,Fall,2011,Casual,Arrow Woman Issey Magenta Top,55.8
44701,Women,Apparel,Topwear,Tops,Pink,Summer,2012,Casual,Wills Lifestyle Women Pink Top,93.2
30910,Women,Apparel,Topwear,Kurtis,Grey,Summer,2012,Ethnic,Fabindia Women Striped Grey Kurti,81.2
8439,Women,Apparel,Topwear,Tops,Purple,Fall,2011,Casual,Jealous 21 Women Jealous Macrae Purple Top,66.5
49637,Women,Apparel,Topwear,Tops,Pink,Summer,2012,Casual,Mineral Women Dark Pink Top,53.2
38585,Women,Apparel,Topwear,Tshirts,Black,Summer,2012,Casual,Nike Women Black T-shirt,65.5
59061,Women,Apparel,Topwear,Kurtas,Green,Summer,2012,Ethnic,Global Desi Women Green & Purple Kurta,66.3
38589,Women,Apparel,Topwear,Tshirts,Black,Summer,2012,Casual,Nike Women Black T-shirt,86.5
37913,Women,Apparel,Topwear,Tops,Yellow,Summer,2012,Casual,Mineral Women Yellow Top,81.9
30875,Women,Apparel,Topwear,Kurtas,Green,Summer,2012,Ethnic,Fabindia Women Green Printed Kurta,94.4
26904,Women,Apparel,Topwear,Tops,Lavender,Summer,2012,Casual,Jealous 21 Women Lavender Top,73.6
47025,Women,Apparel,Topwear,Kurtas,Red,Summer,2012,Ethnic,Shree Women Red & Black Kurta,56.0
28705,Women,Apparel,Topwear,Kurtas,Peach,Summer,2012,Ethnic,W Women Printed Peach Kurta,85.7
40612,Women,Apparel,Topwear,Kurtas,Green,Summer,2012,Ethnic,Span Women Green Kurta,88.0
11628,Women,Apparel,Topwear,Kurtas,Purple,Summer,2011,Ethnic,W Women Printed Purple Kurtas,78.1
23333,Women,Apparel,Topwear,Kurtis,Maroon,Fall,2011,Ethnic,W Women Wine Printed Kurti,88.5
43662,Women,Apparel,Topwear,Tops,Purple,Summer,2012,Casual,ONLY Women Purple Top,74.7
19682,Women,Apparel,Topwear,Sweatshirts,Purple,Summer,2011,Casual,United Colors of Benetton Women Purple Sweatshirt,76.1
58519,Women,Apparel,Topwear,Tops,White,Summer,2012,Casual,Tonga Women Grey Top,71.4
53125,Women,Apparel,Topwear,Tshirts,Green,Summer,2012,Casual,Myntra Women Green T-shirt,51.3
51455,Women,Apparel,Topwear,Shrug,Pink,Summer,2012,Casual,Tonga Women Pink Printed Shrug,55.4
45963,Women,Apparel,Topwear,Tops,Pink,Summer,2012,Casual,Tokyo Talkies Women Light Pink Printed Top,51.6
52093,Women,Apparel,Topwear,Tops,White,Summer,2012,Casual,Myntra Women White Top,81.8
40599,Women,Apparel,Topwear,Kurtis,Brown,Summer,2012,Ethnic,Aurelia Women Brown Kurti,65.7
54680,Women,Apparel,Topwear,Kurtas,Peach,Fall,2012,Ethnic,Shree Women Peach Kurta,75.4
53426,Women,Apparel,Topwear,Kurtas,Green,Fall,2012,Ethnic,Alma Women Green Kurta,95.4
43680,Women,Apparel,Dress,Dresses,Red,Summer,2012,Casual,French Connection Women Printed Red Dress,62.5
19652,Women,Apparel,Topwear,Tops,White,Fall,2011,Casual,United Colors of Benetton Women White Printed Top,70.5
24388,Women,Apparel,Topwear,Kurtas,Orange,Fall,2011,Ethnic,Folklore Women Orange Printed Kurta,87.8
54084,Women,Apparel,Topwear,Tops,Blue,Summer,2012,Casual,Mumbai Slang Women Blue Top,61.4
11571,Women,Apparel,Topwear,Kurtas,Purple,Summer,2011,Ethnic,W Women Printed Purple Kurtas,53.8
20014,Women,Apparel,Topwear,Tops,Olive,Summer,2011,Casual,United Colors of Benetton Women Printed Olive Top,64.5
48513,Women,Apparel,Topwear,Tops,Black,Summer,2012,Casual,French Connection Women Black Top,58.1
5860,Women,Apparel,Topwear,Tshirts,Pink,Summer,2011,Casual,ADIDAS Women Beat Pink T-shirt,96.5
54088,Women,Apparel,Topwear,Tops,Beige,Summer,2012,Casual,Mumbai Slang Women Beige Top,90.4
42240,Women,Apparel,Topwear,Tops,Purple,Summer,2012,Casual,Sepia Women Purple Top,81.7
6101,Women,Apparel,Topwear,Tshirts,Blue,Summer,2011,Casual,UCB Women's Basic Round Neck Blue T-shirt,93.6
48463,Women,Apparel,Dress,Dresses,Teal,Summer,2012,Casual,French Connection Teal & Brown Printed Dress,90.2
25893,Women,Apparel,Topwear,Tops,Brown,Summer,2012,Casual,Femella Women Spaghetti Brown Top,59.3
41403,Women,Apparel,Topwear,Tshirts,Red,Summer,2012,Casual,Wrangler Women Red T-shirt,94.6
4778,Women,Apparel,Topwear,Tshirts,White,Summer,2011,Sports,ADIDAS Women's Flora White T-shirt,77.0
7157,Women,Apparel,Topwear,Tunics,Black,Fall,2011,Casual,Scullers For Her Women Fashion Summer Black Tunics,90.4
40442,Women,Apparel,Dress,Dresses,Grey,Summer,2012,Casual,La Emotio Women Grey Dress,94.8
28475,Women,Apparel,Topwear,Kurtas,Blue,Summer,2012,Ethnic,Urban Yoga Women Printed Blue Kurta,65.9
41172,Women,Apparel,Topwear,Shirts,Orange,Summer,2012,Casual,Allen Solly Woman Orange Shirt,55.5
12604,Women,Apparel,Topwear,Tops,Purple,Fall,2011,Casual,Jealous 21 Women Printed Purple Tops,61.4
11622,Women,Apparel,Topwear,Kurtas,Blue,Summer,2011,Ethnic,W Women Check Blue Kurtas,71.4
5115,Women,Apparel,Topwear,Tops,Grey,Summer,2011,Casual,Wrangler Women Blouson Tank Dark Grey Top,90.9
60000,Women,Apparel,Topwear,Kurtas,Blue,Fall,2012,Ethnic,Alma Women Blue Kurta,93.0
27862,Women,Apparel,Topwear,Shirts,Navy Blue,Summer,2012,Casual,Scullers For Her Women Check Navy Blue Shirt,50.3
34917,Women,Apparel,Topwear,Dupatta,Blue,Summer,2012,Ethnic,Fabindia Blue Dupatta,75.5
26889,Women,Apparel,Topwear,Tops,Lavender,Summer,2012,Casual,Jealous 21 Women Printed Lavender Top,70.9
9801,Women,Apparel,Topwear,Tops,Purple,Fall,2011,Casual,Scullers For Her Women Scullers Top Purple Tops,61.1
47675,Women,Apparel,Dress,Dresses,Black,Summer,2012,Casual,Femella Women Black Animal Printed Dress,56.0
36826,Women,Apparel,Topwear,Kurtas,Brown,Summer,2012,Ethnic,Vishudh Women Brown Kurta,66.9
5135,Women,Apparel,Topwear,Tshirts,Blue,Summer,2011,Casual,Wrangler Women's Photo Print Blue T-shirt,97.1
19598,Women,Apparel,Topwear,Tops,Purple,Fall,2011,Casual,United Colors of Benetton Women Solid Purple Top,66.2
20108,Women,Apparel,Topwear,Kurtas,Navy Blue,Fall,2011,Ethnic,Diva Women Printed Navy Blue Kurta,75.9
6910,Women,Apparel,Topwear,Tshirts,White,Summer,2011,Casual,Tantra Women's Rupee White T-shirt,85.2
3068,Women,Apparel,Topwear,Tshirts,Yellow,Summer,2011,Casual,Tantra Women's Hint Lime Green T-shirt,68.2
53861,Women,Apparel,Topwear,Kurtas,White,Summer,2012,Ethnic,Vishudh Women Blue & Green Printed Kurta,98.6
42653,Women,Apparel,Topwear,Kurtas,Black,Summer,2012,Ethnic,Alma Women Black Printed Kurta,98.1
18286,Women,Apparel,Topwear,Kurtas,Multi,Fall,2011,Ethnic,Aneri Women Bhumi Multi Kurta,62.6
51434,Women,Apparel,Topwear,Shirts,Turquoise Blue,Summer,2012,Casual,Myntra Women Turquoise Blue Check Shirt,74.9
44681,Women,Apparel,Dress,Dresses,White,Summer,2012,Casual,Wills Lifestyle Women White Dress,65.0
43911,Women,Apparel,Topwear,Kurtas,Off White,Summer,2012,Casual,W Women Off White Shrug,64.2
4933,Women,Apparel,Dress,Dresses,Peach,Summer,2011,Casual,Gini and Jony Girl's Valerie Peach White Kidswear,51.8
12101,Women,Apparel,Topwear,Kurtas,Pink,Fall,2011,Ethnic,W Women Printed Pink Kurtas,80.5
31225,Women,Apparel,Topwear,Tshirts,Black,Winter,2013,Casual,Puma Women Black Polo T-shirt,75.1
11379,Women,Apparel,Topwear,Tops,Blue,Fall,2011,Casual,United Colors Of Benetton Women Winter Blue Top,52.6
43330,Women,Apparel,Topwear,Tshirts,Yellow,Summer,2012,Casual,United Colors of Benetton Women Yellow Top,63.9
9151,Women,Apparel,Topwear,Tops,Grey,Fall,2011,Casual,Jealous 21 Women Checks Grey Tops,95.4
9802,Women,Apparel,Topwear,Tops,Navy Blue,Fall,2011,Casual,Scullers For Her Women Scullers Top Navy Blue Tops,62.0
20311,Women,Apparel,Topwear,Tunics,White,Fall,2011,Casual,Jealous 21 Women Printed White Tunic,57.2
5007,Women,Apparel,Dress,Dresses,Purple,Summer,2011,Casual,Gini and Jony Girl's Sandra Purple Kidswear,74.5
7512,Women,Apparel,Topwear,Tshirts,Black,Summer,2011,Sports,Nike Women's Black Polo T-shirt,99.3
37158,Women,Apparel,Topwear,Tops,Blue,Summer,2012,Casual,United Colors of Benetton Women Blue Top,62.1
53429,Women,Apparel,Topwear,Kurtas,Red,Fall,2012,Ethnic,Alma Women Red Printed Kurta,83.6
28573,Women,Apparel,Topwear,Tshirts,Pink,Summer,2012,Casual,Nike Women Air Scoop Pink T-shirt,88.1
22227,Women,Apparel,Topwear,Tshirts,Pink,Fall,2011,Casual,Little Miss Women Sunshine Pink T-shirt,61.9
2295,Women,Apparel,Topwear,Tshirts,Pink,Fall,2010,Sports,Nike Women Cruiser Pink T-shirt,86.4
11536,Women,Apparel,Topwear,Kurtas,Pink,Summer,2011,Ethnic,W Women Printed Pink Kurtas,68.4
20305,Women,Apparel,Topwear,Sweaters,Magenta,Fall,2011,Casual,Jealous 21 Women Solid Magenta Sweater,81.6
46021,Women,Apparel,Topwear,Kurtis,Orange,Summer,2012,Ethnic,Fabindia Women Orange Kurti,81.7
34929,Women,Apparel,Topwear,Dupatta,Beige,Summer,2012,Ethnic,Fabindia Beige Dupatta,76.8
59359,Women,Apparel,Topwear,Kurtas,Blue,Summer,2012,Ethnic,Vishudh Women Blue Printed Kurta,54.5
43665,Women,Apparel,Topwear,Tunics,Purple,Summer,2012,Casual,ONLY Women Purple Tunic,91.8
58691,Women,Apparel,Topwear,Kurtas,Green,Summer,2012,Ethnic,ALayna Women Green Kurta,66.0
12609,Women,Apparel,Topwear,Sweaters,Blue,Fall,2011,Casual,Jealous 21 Women Solid Blue Sweaters,59.3
52136,Women,Apparel,Topwear,Tshirts,Black,Summer,2012,Casual,Femella Women Black Polo T-Shirt,52.0
38593,Women,Apparel,Topwear,Tshirts,Black,Summer,2012,Casual,Nike Women Printed Scoop Black T-shirt,79.5
11568,Women,Apparel,Topwear,Kurtas,Pink,Summer,2011,Ethnic,W Women Printed Pink Kurtas,83.9
10324,Women,Apparel,Topwear,Tops,Black,Fall,2011,Casual,Puma Women Heather USP Black Tshirts,50.8
22046,Women,Apparel,Topwear,Kurtas,Mustard,Fall,2011,Ethnic,Vishudh Women Mustard Printed Kurta,75.6
28946,Women,Apparel,Topwear,Tunics,White,Summer,2012,Ethnic,BIBA OUTLET Women White Tunic,61.3
44647,Women,Apparel,Topwear,Tops,Navy Blue,Summer,2012,Casual,Arrow Woman Navy Blue Top,82.3
28708,Women,Apparel,Topwear,Kurtas,Black,Summer,2012,Ethnic,W Women Black Kurta,58.7
24159,Women,Apparel,Topwear,Kurtas,Blue,Fall,2011,Ethnic,Aurelia Women Blue Striped Kurta,84.5
12115,Women,Apparel,Topwear,Kurtas,Beige,Fall,2011,Ethnic,W Women Printed Beige Kurtas,69.3
42213,Women,Apparel,Topwear,Tops,Orange,Summer,2012,Casual,Sepia Women Orange Top,96.8
57112,Women,Apparel,Topwear,Tops,Green,Summer,2012,Casual,Elle Women Green Color Clash Top,56.9
42529,Women,Apparel,Topwear,Kurtas,Multi,Summer,2012,Ethnic,Mother Earth Women Multi Coloured Kurta,67.1
51454,Women,Apparel,Topwear,Tops,Multi,Summer,2012,Casual,Tonga Women Multicoloured Top,55.7
31315,Women,Apparel,Topwear,Kurtas,Brown,Summer,2012,Ethnic,W Women Brown Kurta,96.2
35040,Women,Apparel,Topwear,Kurtas,White,Summer,2012,Ethnic,Fabindia Women Printed White Kurta,93.9
42540,Women,Apparel,Topwear,Kurtas,Blue,Summer,2012,Ethnic,Mother Earth Women Blue Kurta,62.9
20227,Women,Apparel,Topwear,Sweaters,Green,Fall,2011,Casual,Wrangler Women Solid Green Sweater,83.0
13452,Women,Apparel,Topwear,Shirts,Green,Summer,2011,Casual,United Colors of Benetton Women Check Green Shirts,90.9
7017,Women,Apparel,Topwear,Tshirts,White,Summer,2011,Casual,s.Oliver Women White T-shirt,77.8
41761,Women,Apparel,Topwear,Tops,Green,Summer,2012,Casual,Remanika Women Printed Green Top,76.5
50321,Women,Apparel,Topwear,Kurtis,Black,Summer,2012,Ethnic,Aurelia Women Black Kurti,62.1
10402,Women,Apparel,Topwear,Tops,Pink,Fall,2011,Casual,Jealous 21 Women Una Pink Tops,54.7
48103,Women,Apparel,Topwear,Tops,White,Summer,2012,Casual,French Connection Women White Printed Top,94.9
19102,Women,Apparel,Topwear,Kurtas,Pink,Fall,2011,Ethnic,Mother Earth Women Solid Pink Kurta,95.0
12164,Women,Apparel,Topwear,Dupatta,Orange,Fall,2011,Ethnic,Aurelia Women Voile Orange Dupatta,81.7
43308,Women,Apparel,Topwear,Shirts,Pink,Summer,2012,Casual,United Colors of Benetton Women Pink Shirt,67.0
57174,Women,Apparel,Topwear,Tshirts,Pink,Summer,2012,Casual,Elle Women Dark Pink T-shirt,67.5
53398,Women,Apparel,Topwear,Kurtas,Maroon,Fall,2012,Ethnic,Alma Women Maroon Printed Kurta,86.3
34586,Women,Apparel,Dress,Dresses,Black,Summer,2012,Casual,Tonga Women Printed Black Dress,94.9
51446,Women,Apparel,Topwear,Tops,Cream,Summer,2012,Casual,Tonga Women Cream-Coloured Top,94.4
12098,Women,Apparel,Topwear,Kurtas,Beige,Fall,2011,Ethnic,W Women Printed Beige Kurtas,89.0
12075,Women,Apparel,Topwear,Kurtas,Cream,Fall,2011,Ethnic,W Women Printed Cream Kurtas,82.1
18890,Women,Apparel,Topwear,Shirts,Purple,Fall,2011,Casual,Arrow Woman Tyra Purple Shirt,54.2
13268,Women,Apparel,Topwear,Tops,Pink,Fall,2011,Casual,Palm Tree Kids Girls Printed Pink Tops,58.1
53413,Women,Apparel,Topwear,Kurtas,Red,Fall,2012,Ethnic,Alma Women Red Kurta,94.9
11447,Women,Apparel,Topwear,Sweaters,White,Fall,2011,Casual,United Colors of Benetton Women Light Winter White Sweater,80.3
15031,Women,Apparel,Topwear,Sweaters,Pink,Fall,2011,Casual,ADIDAS Women Stripes Pink Sweaters,50.5
19625,Women,Apparel,Topwear,Tops,Red,Summer,2011,Casual,United Colors of Benetton Women Solid Red Top,55.1
22219,Women,Apparel,Topwear,Tshirts,Green,Fall,2011,Casual,Little Miss Women Sunshine Green T-shirt,83.2
32382,Women,Apparel,Topwear,Tops,Lavender,Summer,2012,Casual,Arrow Woman Lavender Top,50.3
16830,Women,Apparel,Topwear,Tshirts,Off White,Fall,2011,Casual,Little Miss Women Printed Off White T-shirt,58.0
9966,Women,Apparel,Topwear,Tshirts,White,Fall,2011,Sports,Nike Women As Statement White T-Shirts,77.4
3971,Women,Apparel,Topwear,Tops,Purple,Summer,2011,Casual,Jealous 21 Women Purple Basic Top,84.6
27890,Women,Apparel,Topwear,Shirts,Charcoal,Summer,2012,Formal,Scullers For Her Charcoal Shirt,82.6
10370,Women,Apparel,Topwear,Tshirts,White,Fall,2011,Casual,United Colors of Benetton Women White T-shirt,61.2
15371,Women,Apparel,Topwear,Sweatshirts,Purple,Fall,2011,Casual,Urban Yoga Women Solid Purple Sweatshirts,85.6
24242,Women,Apparel,Topwear,Kurtis,Green,Fall,2011,Ethnic,La-Emotio Women Green Kurti,61.9
23314,Women,Apparel,Topwear,Kurtas,Green,Fall,2011,Ethnic,W Women Printed Green Kurta,66.3
7482,Women,Apparel,Topwear,Tshirts,White,Summer,2011,Sports,Nike Women's Miler White Blue T-shirt,87.3
19086,Women,Apparel,Topwear,Kurtas,Green,Fall,2011,Ethnic,W Women Thread Work Green Kurta,82.5
10496,Women,Apparel,Topwear,Tshirts,White,Fall,2011,Casual,Flying Machine Women RN White Tshirts,92.5
40196,Women,Apparel,Topwear,Kurtis,Green,Summer,2012,Ethnic,Mumbai Slang Women Light Green Kurti,82.9
35992,Women,Apparel,Topwear,Tshirts,White,Summer,2012,Casual,Flying Machine Women Tee White T-shirt,78.4
12097,Women,Apparel,Topwear,Kurtas,White,Fall,2011,Ethnic,W Women Printed White Kurtas,54.7
43669,Women,Apparel,Topwear,Tops,Multi,Summer,2012,Casual,ONLY Women Multi Coloured Top,68.4
5807,Women,Apparel,Topwear,Tshirts,Blue,Summer,2011,Casual,ADIDAS Women's Tunic Blue T-shirt,63.3
35981,Women,Apparel,Topwear,Tshirts,White,Summer,2012,Casual,Flying Machine Women Pop White T-shirt,62.2
48095,Women,Apparel,Topwear,Tops,White,Summer,2012,Casual,French Connection Women White Top,98.7
46121,Women,Apparel,Topwear,Jackets,Black,Summer,2015,Casual,Wildcraft Women Black Jacket,69.7
19342,Women,Apparel,Topwear,Jackets,Black,Fall,2011,Casual,United Colors of Benetton Women Solid Black Jacket,94.6
57134,Women,Apparel,Topwear,Tops,White,Summer,2012,Casual,Elle Women Printed White Top,81.6
25836,Women,Apparel,Topwear,Kurtas,Peach,Summer,2012,Ethnic,Diva Women Printed Orange Kurta,89.7
20238,Women,Apparel,Topwear,Tshirts,Blue,Fall,2011,Casual,Wrangler Women Dreams Blue Tshirt,75.1
24380,Women,Apparel,Topwear,Kurtas,Purple,Fall,2011,Ethnic,Folklore Women Purple Printed Kurta,78.8
26877,Women,Apparel,Topwear,Tops,Pink,Summer,2012,Casual,Jealous 21 Women Printed Pink Top,74.6
19610,Women,Apparel,Topwear,Tshirts,Green,Summer,2012,Casual,United Colors of Benetton Women Green T-shirt,59.8
30853,Women,Apparel,Topwear,Kurtas,Green,Summer,2012,Ethnic,Fabindia Women Printed Green Kurta,86.1
39453,Women,Apparel,Topwear,Kurtas,Multi,Summer,2012,Ethnic,Diva Women Multi Coloured Kurta,64.0
6906,Women,Apparel,Topwear,Tshirts,Red,Summer,2011,Casual,Tantra Women's Cool Red T-shirt,51.2
26908,Women,Apparel,Topwear,Tops,Blue,Summer,2012,Casual,Jealous 21 Women Printed Blue Top,82.3
25523,Women,Apparel,Topwear,Shirts,Pink,Summer,2012,Casual,Wrangler Women Cory Pink Shirt,58.9
27448,Women,Apparel,Topwear,Tshirts,White,Fall,2015,Casual,Jockey Women White Round Neck T-Shirt,97.0
19001,Women,Apparel,Topwear,Tshirts,Red,Summer,2011,Casual,ADIDAS Originals Women Trefoil Red Tshirt,97.7
11445,Women,Apparel,Topwear,Tops,White,Fall,2011,Casual,United Colors of Benetton Women  Winter White Printed Top,95.7
54702,Women,Apparel,Topwear,Kurtas,Brown,Fall,2012,Ethnic,Shree Women Brown and White Printed Kurta,68.5
6887,Women,Apparel,Topwear,Jackets,Blue,Summer,2011,Casual,Forever New Women Indigo Wash Blue Jacket,50.8
2265,Women,Apparel,Topwear,Tshirts,Orange,Fall,2010,Sports,Nike Womens NIKE MILER SS TOP T-shirt,96.4
21419,Women,Apparel,Topwear,Tops,Yellow,Winter,2012,Casual,Roxy Women Yellow Top,71.4
59794,Women,Apparel,Topwear,Tunics,Blue,Fall,2012,Casual,United Colors of Benetton Women Blue Tunic,98.3
24816,Women,Apparel,Topwear,Tops,Blue,Fall,2011,Casual,Arrow Women Blue Tops,98.2
36734,Women,Apparel,Topwear,Tshirts,White,Summer,2012,Casual,Spykar Women Cult White T-shirt,92.7
32450,Women,Apparel,Topwear,Tshirts,Black,Summer,2012,Casual,ADIDAS Women Printed Black T-shirt,64.7
32643,Women,Apparel,Topwear,Tshirts,Orange,Summer,2012,Sports,Nike Women Tennis Blockbuster Orange T-shirt,69.3
48514,Women,Apparel,Topwear,Tops,Grey,Summer,2012,Casual,French Connection Women Grey Top,92.6
3939,Women,Apparel,Topwear,Tshirts,Purple,Summer,2011,Casual,Jealous 21 Women's Lavender Trendy T-shirt,65.8
3074,Women,Apparel,Topwear,Tshirts,Yellow,Summer,2011,Casual,Tantra Women's Red Flower Heart Yellow T-shirt,58.5
53406,Women,Apparel,Topwear,Kurtas,Red,Fall,2012,Ethnic,Alma Women Red Printed Kurta,77.8
25818,Women,Apparel,Topwear,Kurtas,Pink,Summer,2012,Ethnic,Diva Women Printed Pink Kurta,96.8
13308,Women,Apparel,Topwear,Tops,White,Fall,2011,Casual,Gini and Jony Kids Girls Printed White Tops,84.8
14539,Women,Apparel,Topwear,Kurtis,Maroon,Fall,2011,Ethnic,Vishudh Women Flower Print Maroon Kurtis,78.5
23227,Women,Apparel,Topwear,Kurtas,Maroon,Fall,2011,Ethnic,Aneri Women Samira Maroon Kurta,54.9
27263,Women,Apparel,Topwear,Tops,Blue,Summer,2012,Casual,Arrow Woman Blue Top,80.8
4783,Women,Apparel,Topwear,Tshirts,White,Summer,2011,Sports,ADIDAS Women's V Neck With Crystal White T-shirt,99.5
34292,Women,Apparel,Topwear,Dupatta,Multi,Summer,2012,Ethnic,Fabindia Women Multi Coloured Chanderi Dupatta,57.0
10492,Women,Apparel,Topwear,Shirts,Orange,Fall,2011,Casual,Flying Machine Women HS Orange Shirt,75.9
43311,Women,Apparel,Topwear,Sweaters,White,Summer,2012,Casual,United Colors of Benetton Women Pink Sweater,93.9
22748,Women,Apparel,Topwear,Kurtas,Blue,Fall,2011,Ethnic,BIBA Women Printed Blue Kurta,87.0
57040,Women,Apparel,Dress,Dresses,Black,Summer,2012,Casual,Elle Women Black Dress,84.9
6879,Women,Apparel,Topwear,Tops,Peach,Summer,2011,Casual,Forever New Women Peach Floral Lace Neckline Peach Top,85.1
3968,Women,Apparel,Topwear,Tops,White,Summer,2011,Casual,Jealous 21 Women Pink Flowery Halter Neck Top,68.0
16130,Women,Apparel,Topwear,Tops,Pink,Fall,2011,Casual,Tokyo Talkies Women Printed Pink Top,64.7
8457,Women,Apparel,Topwear,Tops,Pink,Fall,2011,Casual,Jealous 21 Women jealous Surf Island Forever Pink top Pink Tops,90.5
2289,Women,Apparel,Topwear,Tshirts,Blue,Fall,2010,Sports,Nike Women Blue T-shirt,90.5
28549,Women,Apparel,Topwear,Tshirts,Blue,Spring,2012,Casual,Nike Women Blue Printed T-shirt,93.4
12772,Women,Apparel,Topwear,Kurtas,Blue,Fall,2011,Ethnic,Mother Earth Women Classic Blue Kurtas,95.7
58738,Women,Apparel,Topwear,Tops,Pink,Winter,2013,Casual,PUMA Women Pink Top,75.6
47022,Women,Apparel,Topwear,Kurtas,Maroon,Summer,2012,Ethnic,Shree Women Maroon Kurta,75.1
11380,Women,Apparel,Topwear,Tops,Black,Fall,2011,Casual,United Colors Of Benetton Women Light Winter Black Tops,89.9
33219,Women,Apparel,Topwear,Tops,Grey,Summer,2012,Casual,Sepia Women Grey Top,82.5
33999,Women,Apparel,Topwear,Shirts,Black,Summer,2012,Casual,Femella Women Check Grey Shirt,85.1
42208,Women,Apparel,Topwear,Tops,Blue,Summer,2012,Casual,Sepia Women Blue Top,89.8
46270,Women,Apparel,Topwear,Tops,Purple,Summer,2012,Casual,109F Women Purple Layered Top,94.5
18721,Women,Apparel,Topwear,Tops,Pink,Fall,2011,Casual,Arrow Women Deerie Pink Top,66.9
33759,Women,Apparel,Topwear,Tops,Yellow,Summer,2012,Casual,Vero Moda Women Viva Yellow Top,68.8
52148,Women,Apparel,Topwear,Tshirts,Red,Summer,2012,Casual,Femella Women Red Polo T-Shirt,54.7
25925,Women,Apparel,Topwear,Tshirts,Purple,Summer,2012,Casual,Femella Women Purple T-Shirt,78.9
21905,Women,Apparel,Topwear,Kurtas,Black,Fall,2011,Ethnic,BIBA Women Printed Black Kurta,51.8
12109,Women,Apparel,Topwear,Kurtis,White,Fall,2011,Ethnic,W Women Printed White Kurtis,73.3
32566,Women,Apparel,Topwear,Tops,Peach,Summer,2012,Casual,ONLY Women Smock Peach Top,77.1
11656,Women,Apparel,Topwear,Tshirts,Red,Fall,2011,Casual,Lee Women Printed Red Tshirts,64.3
25703,Women,Apparel,Topwear,Tops,Green,Summer,2012,Casual,Mumbai Slang Women Printed Green Top,79.5
39226,Women,Apparel,Dress,Dresses,Black,Summer,2012,Casual,Femella Women Black Tiered Dress,51.5
11020,Women,Apparel,Topwear,Tshirts,Pink,Fall,2011,Casual,Wrangler Women Pink Freedom Spirit T-shirt,51.9
11606,Women,Apparel,Topwear,Kurtas,Grey,Summer,2011,Ethnic,W Women Solid Grey Kurtas,91.1
54716,Women,Apparel,Topwear,Kurtas,Beige,Fall,2012,Ethnic,Shree Women Pink and Olive Printed Kurta,68.0
33161,Women,Apparel,Topwear,Tunics,White,Summer,2012,Casual,Sepia Women Printed White Tunic,56.4
27854,Women,Apparel,Topwear,Tops,Maroon,Summer,2012,Casual,Scullers For Her Women Maroon Top,76.1
27198,Women,Apparel,Dress,Dresses,Blue,Summer,2012,Casual,Doodle Kids Girl Printed Blue Dress,88.5
3700,Women,Apparel,Topwear,Tshirts,Purple,Summer,2011,Casual,Tantra Women's Flower Heart Lavender Long T-shirt,60.8
12830,Women,Apparel,Dress,Dresses,Green,Fall,2011,Casual,Ant Kids Peaceful Day Green Dresses,81.1
26960,Women,Apparel,Topwear,Shirts,Purple,Summer,2012,Casual,Jealous 21 Women Purple Shirt,54.3
12539,Women,Apparel,Topwear,Tshirts,Black,Fall,2011,Casual,Tantra Women Black Printed T-shirt,52.6
49629,Women,Apparel,Topwear,Tops,White,Summer,2012,Casual,Mineral Women White Top,76.6
19599,Women,Apparel,Topwear,Tops,Blue,Fall,2011,Casual,United Colors of Benetton Women Solid Blue Top,77.0
30142,Women,Apparel,Topwear,Tshirts,Green,Summer,2012,Casual,Flying Machine Women Printed Green T-shirt,81.9
24495,Women,Apparel,Topwear,Kurtas,Magenta,Fall,2011,Ethnic,Mother Earth Women Magenta Printed Kurta,86.3
12803,Women,Apparel,Topwear,Tshirts,Pink,Fall,2011,Casual,Nike Women Polka Dot Grafitti Pink T-shirt,98.8
28726,Women,Apparel,Topwear,Kurtas,Beige,Summer,2012,Ethnic,W Women Printed Beige Kurta,75.8
42541,Women,Apparel,Topwear,Kurtas,Blue,Summer,2012,Ethnic,Mother Earth Women Blue Kurta,66.1
24165,Women,Apparel,Topwear,Kurtis,Pink,Summer,2011,Ethnic,Aurelia Women Pink Printed Kurti,89.8
7143,Women,Apparel,Topwear,Shirts,Blue,Fall,2011,Casual,Scullers For Her Women Light Work Blue Shirts,63.5
32254,Women,Apparel,Topwear,Kurtis,White,Summer,2012,Ethnic,Fabindia Women Printed White Kurti,71.9
27883,Women,Apparel,Topwear,Tshirts,Pink,Summer,2012,Casual,Scullers For Her Women Pink Shirt,53.9
32583,Women,Apparel,Topwear,Tops,Pink,Summer,2012,Casual,ONLY Women Crepe Printed Pink Top,51.3
22080,Women,Apparel,Topwear,Kurtas,Black,Fall,2011,Ethnic,Vishudh Women Printed Black Kurta,98.1
59916,Women,Apparel,Topwear,Kurtas,Brown,Summer,2012,Ethnic,Diva Women Brown Kurta,91.8
33213,Women,Apparel,Topwear,Tops,Magenta,Summer,2012,Casual,Sepia Women Printed Magenta Top,84.8
24888,Women,Apparel,Topwear,Tshirts,Yellow,Summer,2012,Casual,United Colors of Benetton Women Yellow Polo T-shirt,70.4
53425,Women,Apparel,Topwear,Kurtas,Teal,Fall,2012,Ethnic,Alma Women Teal Printed Kurta,58.7
43537,Women,Apparel,Topwear,Tops,Green,Summer,2012,Casual,French Connection Women Green Top,57.8
43511,Women,Apparel,Dress,Dresses,Navy Blue,Summer,2012,Formal,French Connection Women Navy Blue Dress,62.5
57108,Women,Apparel,Topwear,Tops,White,Summer,2012,Casual,Elle Women White Top,77.5
4915,Women,Apparel,Topwear,Tops,White,Summer,2011,Casual,Gini and Jony Girl's Vollie White Kidswear,85.7
42554,Women,Apparel,Topwear,Kurtas,White,Summer,2012,Ethnic,Mother Earth Women White & Black Kurta,83.0
53841,Women,Apparel,Topwear,Kurtas,Red,Summer,2012,Ethnic,Vishudh Women Red Kurta,64.0
12132,Women,Apparel,Topwear,Kurtas,Black,Fall,2011,Ethnic,Aurelia Women Solid Black Kurtas,97.7
32592,Women,Apparel,Topwear,Tops,Pink,Summer,2012,Casual,ONLY Women Pink Top,86.9
11016,Women,Apparel,Topwear,Tops,Pink,Fall,2011,Casual,Wrangler Women Floral Print Pink Top,77.7
25026,Women,Apparel,Topwear,Tshirts,Blue,Fall,2011,Sports,Nike Women Miler Blue Jersey,80.6
19332,Women,Apparel,Topwear,Jackets,Black,Fall,2011,Casual,United Colors of Benetton Women Solid Black Jacket,71.0
10418,Women,Apparel,Topwear,Tops,Black,Fall,2011,Casual,United Colors of Benetton Women Solid Black Tops,62.4
52108,Women,Apparel,Topwear,Kurtas,White,Summer,2012,Ethnic,Myntra Women White Floral Printed Kurta,67.8
40661,Women,Apparel,Topwear,Kurtas,Multi,Summer,2012,Ethnic,Span Women Multi Coloured Kurta,87.9
36474,Women,Apparel,Topwear,Kurtas,Red,Summer,2012,Ethnic,Aurelia Women Dobby Red Kurta,50.7
1561,Women,Apparel,Topwear,Tshirts,White,Fall,2010,Sports,Quechua Women Sweat Proof White T-shirt,55.8
12544,Women,Apparel,Topwear,Tshirts,Peach,Fall,2011,Casual,Tantra Women Printed Peach T-shirt,52.3
25012,Women,Apparel,Topwear,Tops,Peach,Summer,2012,Casual,United Colors of Benetton Women Peach Top,52.0
3937,Women,Apparel,Topwear,Tshirts,Pink,Summer,2011,Casual,Jealous 21 Women's Pink Miss T-shirt,92.8
18254,Women,Apparel,Topwear,Kurtas,Green,Fall,2011,Ethnic,Aneri Women Protima Green Kurta,85.2
7215,Women,Apparel,Topwear,Tops,Pink,Fall,2011,Casual,Jealous 21 Women Band With Pink Top,73.7
11592,Women,Apparel,Topwear,Kurtas,White,Summer,2011,Ethnic,W Women Printed White Kurtas,54.9
19014,Women,Apparel,Topwear,Tshirts,White,Summer,2011,Casual,ADIDAS Originals Women G Tee Birds White Tshirt,74.6
26898,Women,Apparel,Topwear,Tops,Pink,Summer,2012,Casual,Jealous 21 Women Pink Top,73.7
24555,Women,Apparel,Topwear,Tops,Black,Fall,2011,Casual,Jealous 21 Women Black Top,58.7
41771,Women,Apparel,Topwear,Tops,Green,Summer,2012,Casual,Remanika Women Striped Green Top,71.7
51447,Women,Apparel,Dress,Dresses,Grey,Summer,2012,Casual,Tonga Women Grey Printed Dress,69.9
19648,Women,Apparel,Topwear,Tops,Brown,Fall,2011,Casual,United Colors of Benetton Women Solid Light Brown Top,80.8
27105,Women,Apparel,Topwear,Kurtas,Lavender,Summer,2012,Ethnic,Aneri Women Shruti Lavender Kurta,81.8
40185,Women,Apparel,Topwear,Kurtis,White,Summer,2012,Ethnic,Mumbai Slang Women Floral White Kurti,52.3
6086,Women,Apparel,Topwear,Tshirts,Pink,Summer,2011,Casual,UCB Women's Rollup Armhole Pink T-shirt,68.7
30845,Women,Apparel,Topwear,Kurtas,Red,Summer,2012,Ethnic,Fabindia Women Rust Printed Kurta,81.3
57997,Women,Apparel,Dress,Dresses,Blue,Fall,2012,Casual,Latin Quarters Women Blue Dress,75.2
15029,Women,Apparel,Topwear,Sweatshirts,Purple,Fall,2011,Casual,ADIDAS Women Stripes Purple Sweatshirts,92.8
40618,Women,Apparel,Topwear,Kurtas,Purple,Summer,2012,Ethnic,Span Women Purple Kurta,82.9
25692,Women,Apparel,Topwear,Kurtis,Orange,Summer,2012,Ethnic,Mumbai Slang Women Printed Orange Kurti,58.1
43658,Women,Apparel,Dress,Dresses,Black,Summer,2012,Casual,ONLY Women Black Dress,53.5
42537,Women,Apparel,Topwear,Kurtas,Black,Summer,2012,Ethnic,Mother Earth Women Black Kurta,82.1
26880,Women,Apparel,Topwear,Tshirts,White,Summer,2012,Casual,Jealous 21 Women Printed White T-shirt,51.3
6237,Women,Apparel,Topwear,Tshirts,White,Summer,2011,Casual,Lee Women's Iris White T-shirt,79.3
28713,Women,Apparel,Topwear,Kurtas,White,Summer,2012,Ethnic,W Women Printed White Kurta,97.0
44802,Women,Apparel,Topwear,Tshirts,Yellow,Summer,2012,Casual,Spykar Women Yellow Printed T-shirt,78.8
46276,Women,Apparel,Topwear,Tops,Cream,Summer,2012,Casual,109F Women Cream Printed Top,69.4
10362,Women,Apparel,Topwear,Tshirts,Purple,Fall,2011,Casual,United Colors of Benetton Women Purple Polo T-shirt,82.2
24391,Women,Apparel,Topwear,Kurtas,Orange,Fall,2011,Ethnic,Folklore Women Orange Printed Kurta,72.9
21897,Women,Apparel,Topwear,Kurtas,Teal,Fall,2011,Ethnic,BIBA Women Teal Printed Kurta,77.3
11649,Women,Apparel,Topwear,Kurtas,Green,Summer,2011,Ethnic,W Women Kurta Green Kurtas,97.1
48093,Women,Apparel,Topwear,Shirts,Blue,Summer,2012,Casual,French Connection Women Blue Shirt,69.3
2290,Women,Apparel,Topwear,Tshirts,Pink,Fall,2010,Sports,Nike Women SS Pink T-shirt,98.1
30138,Women,Apparel,Topwear,Tshirts,Pink,Summer,2012,Casual,Flying Machine Women Printed Pink T-shirt,95.3
11026,Women,Apparel,Topwear,Tops,Navy Blue,Fall,2011,Casual,Wrangler Women Navy Blue Top,59.8
57102,Women,Apparel,Topwear,Tops,White,Summer,2012,Casual,Elle Women White EssentialsTop,53.5
25525,Women,Apparel,Topwear,Tops,Blue,Summer,2012,Casual,Wrangler Women Poppins Blue Top,55.0
40402,Women,Apparel,Dress,Dresses,Grey,Summer,2012,Casual,Tonga Women Grey & Red Dress,50.9
24367,Women,Apparel,Topwear,Kurtas,Green,Fall,2011,Ethnic,Folklore Women Green  Kurta,54.7
24730,Women,Apparel,Topwear,Tshirts,White,Fall,2011,Casual,United Colors of Benetton Women White Printed T-shirt,84.2
12099,Women,Apparel,Topwear,Kurtas,Pink,Fall,2011,Ethnic,W Women Printed Red White Kurtas,53.6
57448,Women,Apparel,Topwear,Tshirts,Charcoal,Summer,2015,Casual,Angry Birds Women Charcoal T-shirt,65.9
30847,Women,Apparel,Topwear,Kurtas,Maroon,Summer,2012,Ethnic,Fabindia Women Printed Maroon Kurta,92.2
12545,Women,Apparel,Topwear,Tshirts,White,Fall,2011,Casual,Tantra Women White Printed T-shirt,51.2
52104,Women,Apparel,Topwear,Kurtas,Green,Summer,2012,Ethnic,Myntra Women Green Printed Kurta,90.7
39176,Women,Apparel,Topwear,Kurtas,Purple,Summer,2012,Ethnic,Aneri Women Purple Kurta,64.1
11430,Women,Apparel,Topwear,Tshirts,Brown,Fall,2011,Casual,United Colors of Benetton Women Brown T-shirt,55.9
54890,Women,Apparel,Topwear,Tops,Green,Summer,2012,Casual,Do u speak green Women Green Top,84.8
53779,Women,Apparel,Topwear,Tops,Black,Summer,2012,Casual,Puma Women Black T-shirt,81.4
22054,Women,Apparel,Topwear,Kurtas,Grey,Fall,2011,Ethnic,Vishudh Women Printed Grey Kurta,93.9
54576,Women,Apparel,Topwear,Kurtas,Mustard,Summer,2012,Ethnic,Sushilas Women Mustard Kurta,86.8
57189,Women,Apparel,Topwear,Tunics,Pink,Summer,2012,Casual,Elle Women Pink Tunic,90.2
11810,Women,Apparel,Topwear,Kurtas,Green,Fall,2011,Ethnic,Vishudh Women Pigment Print Green Kurtas,64.1
32257,Women,Apparel,Topwear,Tops,Beige,Summer,2012,Ethnic,Fabindia Women Printed Beige Ghicha Silk Wrap Top,58.9
45781,Women,Apparel,Topwear,Tops,Black,Summer,2012,Casual,Remanika Women Black and White Top,87.5
44708,Women,Apparel,Topwear,Shirts,Blue,Summer,2012,Casual,Wills Lifestyle Women Blue Striped Shirt,90.3
21591,Women,Apparel,Topwear,Tshirts,Black,Summer,2011,Casual,United Colors of Benetton Women Solid Black Tshirt,99.5
57991,Women,Apparel,Dress,Dresses,Blue,Fall,2012,Casual,Latin Quarters Women Blue Dress,70.6
31063,Women,Apparel,Topwear,Dupatta,Pink,Summer,2012,Ethnic,Fabindia Women Pink Silk Dupatta,68.6
44643,Women,Apparel,Dress,Dresses,Black,Summer,2012,Casual,Arrow Woman Black Dress,88.8
46261,Women,Apparel,Topwear,Tunics,Multi,Summer,2012,Casual,109F Women Multicoloured Printed Tunic,67.0
25856,Women,Apparel,Topwear,Kurtas,Black,Summer,2012,Ethnic,Diva Women Black Floral Print Kurti,96.5
3502,Women,Apparel,Topwear,Tshirts,Black,Fall,2010,Sports,ADIDAS Women's Black T-shirt,92.9
53822,Women,Apparel,Topwear,Tunics,Black,Fall,2012,Casual,Ayaanay_Women_New_2013_Tunics_Size_Chart.jpg,71.4
11796,Women,Apparel,Topwear,Kurtas,Green,Fall,2011,Ethnic,Vishudh Women Pigment Print Green Kurtas,87.5
2294,Women,Apparel,Topwear,Tops,White,Fall,2010,Sports,Nike Women's Miller Top,87.7
